ymd,AqiLevel,bWendu,fengli,yWendu,month,day,pollution,N,S,E,W,wind,weather1,weather2,rain,snow,wet,good_weather
2017-01-01,6,6,1,-3,1,1,1,0,1,0,0,4,14,14,0,0,0,0
2017-01-02,5,8,1,-7,1,2,1,0,1,0,0,4,7,14,0,0,0,0
2017-01-03,6,5,1,-5,1,3,1,0,1,0,0,4,14,14,0,0,0,0
2017-01-04,6,7,1,-6,1,4,1,1,0,0,0,3,14,14,0,0,0,0
2017-01-05,5,3,1,-5,1,5,1,1,0,0,0,3,14,14,0,0,0,0
2017-01-06,5,4,1,-3,1,6,1,0,1,0,0,4,14,14,0,0,0,0
2017-01-07,4,2,1,-4,1,7,1,1,0,0,0,3,5,13,0,1,1,0
2017-01-08,2,6,1,-5,1,8,0,1,0,0,0,3,9,7,0,0,0,1
2017-01-09,1,4,1,-5,1,9,0,0,1,0,0,4,7,7,0,0,0,1
2017-01-10,1,5,1,-7,1,10,0,1,0,0,0,3,7,7,0,0,0,1
2017-01-11,2,6,1,-6,1,11,0,0,1,0,0,4,7,7,0,0,0,1
2017-01-12,2,6,1,-5,1,12,0,0,1,0,0,4,7,7,0,0,0,1
2017-01-13,1,4,2,-7,1,13,0,1,0,0,0,3,7,7,0,0,0,1
2017-01-14,1,3,1,-7,1,14,0,0,1,0,0,4,7,7,0,0,0,1
2017-01-15,2,1,1,-7,1,15,0,0,1,0,0,4,14,14,0,0,0,0
2017-01-16,3,1,1,-5,1,16,1,0,0,1,0,2,14,5,0,1,1,0
2017-01-17,4,6,1,-7,1,17,1,1,0,0,0,3,1,7,0,0,0,1
2017-01-18,2,3,1,-5,1,18,0,0,1,0,0,4,1,5,0,1,1,0
2017-01-19,2,0,4,-9,1,19,0,1,0,0,0,3,7,7,0,0,0,1
2017-01-20,1,1,1,-9,1,20,0,0,1,0,0,4,7,1,0,0,0,1
2017-01-21,2,0,3,-9,1,21,0,1,0,1,0,0,7,7,0,0,0,1
2017-01-22,1,1,1,-11,1,22,0,0,1,0,0,4,7,7,0,0,0,1
2017-01-23,1,1,1,-8,1,23,0,0,1,0,1,6,1,7,0,0,0,1
2017-01-24,3,5,1,-7,1,24,1,0,1,0,0,4,1,1,0,0,0,1
2017-01-25,5,5,1,-5,1,25,1,0,1,0,1,6,7,9,0,0,0,1
2017-01-26,5,9,3,-7,1,26,1,1,0,0,0,3,1,7,0,0,0,1
2017-01-27,2,6,2,-6,1,27,0,0,1,0,1,6,7,1,0,0,0,1
2017-01-28,6,5,1,-5,1,28,1,0,1,0,1,6,1,1,0,0,0,1
2017-01-29,2,2,3,-9,1,29,0,1,0,0,0,3,1,7,0,0,0,1
2017-01-30,1,2,1,-7,1,30,0,0,1,0,0,4,1,1,0,0,0,1
2017-01-31,3,6,1,-5,1,31,1,0,1,0,0,4,7,7,0,0,0,1
2017-02-01,2,5,2,-9,2,1,0,1,0,0,0,3,7,7,0,0,0,1
2017-02-02,3,6,1,-7,2,2,1,0,1,0,0,4,7,7,0,0,0,1
2017-02-03,4,7,1,-3,2,3,1,0,1,0,0,4,1,1,0,0,0,1
2017-02-04,6,10,1,-3,2,4,1,1,0,0,0,3,7,7,0,0,0,1
2017-02-05,1,9,1,-5,2,5,0,1,0,0,0,3,7,7,0,0,0,1
2017-02-06,1,5,1,-6,2,6,0,0,1,0,0,4,1,9,0,0,0,1
2017-02-07,2,1,1,-6,2,7,0,0,1,0,0,4,5,9,0,1,1,0
2017-02-08,2,5,3,-8,2,8,0,1,0,0,0,3,1,7,0,0,0,1
2017-02-09,1,4,3,-6,2,9,0,1,0,0,0,3,7,7,0,0,0,1
2017-02-10,1,5,3,-7,2,10,0,1,0,0,0,3,7,7,0,0,0,1
2017-02-11,2,8,1,-5,2,11,0,0,1,0,0,4,7,7,0,0,0,1
2017-02-12,3,11,1,-4,2,12,1,0,1,0,0,4,7,7,0,0,0,1
2017-02-13,3,11,1,-5,2,13,1,0,1,0,0,4,7,7,0,0,0,1
2017-02-14,5,9,1,-4,2,14,1,0,1,0,0,4,7,7,0,0,0,1
2017-02-15,5,8,1,0,2,15,1,0,1,0,0,4,1,9,0,0,0,1
2017-02-16,3,8,3,-5,2,16,1,1,0,0,0,3,1,1,0,0,0,1
2017-02-17,1,6,1,-6,2,17,0,0,1,0,0,4,7,7,0,0,0,1
2017-02-18,3,9,1,-2,2,18,1,0,1,0,0,4,1,9,0,0,0,1
2017-02-19,3,15,3,-2,2,19,1,1,0,0,1,5,1,7,0,0,0,1
2017-02-20,1,7,2,-3,2,20,0,1,0,0,0,3,1,9,0,0,0,1
2017-02-21,2,0,1,-4,2,21,0,0,1,0,0,4,5,5,0,1,1,0
2017-02-22,3,11,2,-3,2,22,1,1,0,0,0,3,9,7,0,0,0,1
2017-02-23,1,7,1,-5,2,23,0,0,1,0,0,4,7,7,0,0,0,1
2017-02-24,1,13,1,-3,2,24,0,1,0,0,0,3,7,7,0,0,0,1
2017-02-25,1,13,1,-2,2,25,0,1,0,0,0,3,1,1,0,0,0,1
2017-02-26,1,14,1,-4,2,26,0,0,1,0,0,4,7,7,0,0,0,1
2017-02-27,2,14,1,2,2,27,0,0,1,0,0,4,7,7,0,0,0,1
2017-02-28,1,16,1,1,2,28,0,1,0,0,0,3,1,9,0,0,0,1
2017-03-01,1,9,3,-4,3,1,0,1,0,0,0,3,7,7,0,0,0,1
2017-03-02,2,13,2,-1,3,2,0,0,1,0,0,4,7,7,0,0,0,1
2017-03-03,3,14,1,-4,3,3,1,0,1,0,0,4,7,7,0,0,0,1
2017-03-04,3,13,1,0,3,4,1,0,1,0,0,4,1,1,0,0,0,1
2017-03-05,1,12,3,-3,3,5,0,1,0,0,0,3,7,7,0,0,0,1
2017-03-06,1,10,3,-4,3,6,0,1,0,0,0,3,1,7,0,0,0,1
2017-03-07,1,10,2,-1,3,7,0,1,0,0,0,3,7,7,0,0,0,1
2017-03-08,1,14,2,2,3,8,0,1,0,0,0,3,7,7,0,0,0,1
2017-03-09,1,16,1,1,3,9,0,0,1,0,0,4,7,7,0,0,0,1
2017-03-10,2,17,1,4,3,10,0,0,1,0,0,4,1,9,0,0,0,1
2017-03-11,2,21,1,4,3,11,0,0,1,0,0,4,9,7,0,0,0,1
2017-03-12,1,14,3,1,3,12,0,1,0,0,0,3,7,7,0,0,0,1
2017-03-13,1,15,1,1,3,13,0,0,1,0,0,4,7,7,0,0,0,1
2017-03-14,1,16,1,2,3,14,0,0,1,0,0,4,7,1,0,0,0,1
2017-03-15,2,17,1,2,3,15,0,0,1,0,0,4,1,7,0,0,0,1
2017-03-16,4,17,1,6,3,16,1,0,1,0,0,4,1,1,0,0,0,1
2017-03-17,4,18,1,5,3,17,1,0,1,0,0,4,9,1,0,0,0,1
2017-03-18,4,21,1,4,3,18,1,1,0,0,0,3,7,7,0,0,0,1
2017-03-19,5,19,1,6,3,19,1,0,1,0,0,4,1,9,0,0,0,1
2017-03-20,4,12,1,6,3,20,1,0,0,1,0,2,4,9,1,0,1,0
2017-03-21,3,15,1,4,3,21,1,0,1,0,0,4,1,1,0,0,0,1
2017-03-22,4,15,1,6,3,22,1,0,0,1,0,2,9,3,1,0,1,0
2017-03-23,4,7,1,2,3,23,1,0,0,1,0,2,4,3,1,0,1,0
2017-03-24,2,7,1,0,3,24,0,0,1,0,0,4,11,9,1,1,1,0
2017-03-25,2,14,1,4,3,25,0,0,1,0,0,4,1,1,0,0,0,1
2017-03-26,1,16,2,3,3,26,0,1,0,0,0,3,1,7,0,0,0,1
2017-03-27,1,15,1,5,3,27,0,0,1,0,0,4,7,1,0,0,0,1
2017-03-28,2,16,1,3,3,28,0,0,1,0,0,4,1,7,0,0,0,1
2017-03-29,4,20,1,7,3,29,1,0,1,0,0,4,7,1,0,0,0,1
2017-03-30,3,15,1,4,3,30,1,0,1,0,0,4,1,1,0,0,0,1
2017-03-31,1,17,1,5,3,31,0,0,1,0,1,6,7,7,0,0,0,1
2017-04-01,2,22,1,5,4,1,0,0,1,0,0,4,1,1,0,0,0,1
2017-04-02,2,24,1,8,4,2,0,0,1,0,0,4,9,1,0,0,0,1
2017-04-03,4,26,1,10,4,3,1,0,1,0,0,4,1,9,0,0,0,1
2017-04-04,4,20,2,11,4,4,1,0,1,0,0,4,9,4,1,0,1,0
2017-04-05,2,19,1,9,4,5,0,0,1,0,0,4,9,1,0,0,0,1
2017-04-06,3,25,1,9,4,6,1,0,1,0,0,4,1,9,0,0,0,1
2017-04-07,3,20,1,13,4,7,1,0,1,0,0,4,9,9,0,0,0,1
2017-04-08,3,19,2,7,4,8,1,0,1,0,0,4,9,7,0,0,0,1
2017-04-09,2,20,1,8,4,9,0,0,1,0,0,4,1,1,0,0,0,1
2017-04-10,2,20,2,11,4,10,0,0,1,0,0,4,1,1,0,0,0,1
2017-04-11,2,22,2,7,4,11,0,1,0,0,0,3,7,7,0,0,0,1
2017-04-12,2,26,1,8,4,12,0,0,1,0,0,4,7,1,0,0,0,1
2017-04-13,2,21,1,7,4,13,0,0,1,0,0,4,9,9,0,0,0,1
2017-04-14,2,27,1,10,4,14,0,0,1,0,0,4,1,1,0,0,0,1
2017-04-15,2,30,1,13,4,15,0,0,1,0,0,4,7,1,0,0,0,1
2017-04-16,3,27,2,13,4,16,1,0,1,0,0,4,9,9,0,0,0,1
2017-04-17,4,28,2,11,4,17,1,1,0,0,0,3,1,1,0,0,0,1
2017-04-18,2,24,4,10,4,18,0,1,0,0,0,3,7,9,0,0,0,1
2017-04-19,2,20,1,10,4,19,0,1,0,0,1,5,9,1,0,0,0,1
2017-04-20,2,23,2,10,4,20,0,1,0,0,1,5,1,1,0,0,0,1
2017-04-21,1,22,1,8,4,21,0,0,1,0,0,4,1,7,0,0,0,1
2017-04-22,2,27,2,12,4,22,0,0,1,0,0,4,1,1,0,0,0,1
2017-04-23,2,25,1,10,4,23,0,0,1,0,0,4,1,1,0,0,0,1
2017-04-24,2,24,2,11,4,24,0,1,0,0,0,3,1,1,0,0,0,1
2017-04-25,1,20,1,6,4,25,0,0,1,0,0,4,1,7,0,0,0,1
2017-04-26,1,25,2,10,4,26,0,1,0,0,0,3,7,7,0,0,0,1
2017-04-27,1,28,3,13,4,27,0,1,0,0,0,3,7,7,0,0,0,1
2017-04-28,2,31,2,13,4,28,0,1,0,0,0,3,7,7,0,0,0,1
2017-04-29,2,34,2,17,4,29,0,0,1,0,0,4,1,1,0,0,0,1
2017-04-30,3,29,1,12,4,30,1,0,1,0,0,4,7,1,0,0,0,1
2017-05-01,2,27,1,13,5,1,0,0,1,0,0,4,1,1,0,0,0,1
2017-05-02,2,29,2,16,5,2,0,0,1,0,0,4,1,1,0,0,0,1
2017-05-03,3,28,2,15,5,3,1,0,1,0,0,4,9,9,0,0,0,1
2017-05-04,6,28,2,13,5,4,1,1,0,0,0,3,1,7,0,0,0,1
2017-05-05,5,21,3,10,5,5,1,1,0,0,0,3,6,7,0,0,0,1
2017-05-06,2,29,2,10,5,6,0,1,0,0,0,3,7,7,0,0,0,1
2017-05-07,2,30,2,14,5,7,0,0,1,0,0,4,7,1,0,0,0,1
2017-05-08,2,31,2,15,5,8,0,0,1,0,0,4,1,1,0,0,0,1
2017-05-09,2,29,2,14,5,9,0,0,1,0,0,4,7,10,1,0,1,0
2017-05-10,2,30,2,13,5,10,0,0,1,0,0,4,7,7,0,0,0,1
2017-05-11,2,31,4,12,5,11,0,1,0,0,0,3,7,1,0,0,0,1
2017-05-12,3,30,2,13,5,12,1,0,1,0,1,6,7,1,0,0,0,1
2017-05-13,2,29,3,15,5,13,0,1,0,0,1,5,1,1,0,0,0,1
2017-05-14,1,28,2,13,5,14,0,1,0,0,0,3,1,1,0,0,0,1
2017-05-15,1,28,1,14,5,15,0,0,1,0,0,4,1,1,0,0,0,1
2017-05-16,2,32,2,16,5,16,0,0,1,0,0,4,1,7,0,0,0,1
2017-05-17,3,34,1,18,5,17,1,0,1,0,0,4,7,7,0,0,0,1
2017-05-18,3,36,2,20,5,18,1,0,1,0,0,4,7,7,0,0,0,1
2017-05-19,3,36,2,21,5,19,1,0,1,0,1,6,7,7,0,0,0,1
2017-05-20,2,34,2,19,5,20,0,0,1,0,0,4,7,1,0,0,0,1
2017-05-21,2,32,2,16,5,21,0,0,1,0,0,4,9,10,1,0,1,0
2017-05-22,2,18,2,12,5,22,0,1,0,1,0,0,3,9,1,0,1,0
2017-05-23,1,28,1,13,5,23,0,0,1,0,0,4,7,7,0,0,0,1
2017-05-24,2,33,2,16,5,24,0,0,1,0,1,6,1,7,0,0,0,1
2017-05-25,2,31,2,14,5,25,0,0,1,0,0,4,7,7,0,0,0,1
2017-05-26,2,31,1,16,5,26,0,0,1,0,0,4,7,7,0,0,0,1
2017-05-27,2,35,1,20,5,27,0,0,1,0,1,6,7,7,0,0,0,1
2017-05-28,3,37,2,21,5,28,1,1,0,0,0,3,1,9,0,0,0,1
2017-05-29,2,27,1,17,5,29,0,0,0,1,0,2,9,10,1,0,1,0
2017-05-30,2,26,2,15,5,30,0,0,1,0,0,4,10,7,1,0,1,0
2017-05-31,2,34,1,17,5,31,0,0,1,0,0,4,9,1,0,0,0,1
2017-06-01,2,30,1,16,6,1,0,0,1,0,0,4,7,9,0,0,0,1
2017-06-02,2,25,2,12,6,2,0,0,0,1,0,2,10,1,1,0,1,0
2017-06-03,2,28,1,15,6,3,0,0,1,0,0,4,7,7,0,0,0,1
2017-06-04,2,32,2,18,6,4,0,0,1,0,1,6,1,1,0,0,0,1
2017-06-05,3,29,2,14,6,5,1,0,1,0,1,6,9,4,1,0,1,0
2017-06-06,2,20,1,13,6,6,0,0,1,0,0,4,4,7,1,0,1,0
2017-06-07,2,32,1,18,6,7,0,0,1,0,0,4,7,1,0,0,0,1
2017-06-08,2,35,1,20,6,8,0,0,1,0,0,4,1,7,0,0,0,1
2017-06-09,2,37,2,20,6,9,0,0,1,0,0,4,7,1,0,0,0,1
2017-06-10,2,31,1,16,6,10,0,0,0,1,0,2,9,1,0,0,0,1
2017-06-11,2,32,1,17,6,11,0,0,1,0,0,4,9,1,0,0,0,1
2017-06-12,2,27,1,18,6,12,0,0,1,0,0,4,9,9,0,0,0,1
2017-06-13,2,29,1,16,6,13,0,0,1,0,0,4,1,7,0,0,0,1
2017-06-14,2,36,2,20,6,14,0,0,1,0,1,6,7,7,0,0,0,1
2017-06-15,2,38,1,23,6,15,0,0,1,0,0,4,7,7,0,0,0,1
2017-06-16,3,37,2,23,6,16,1,0,1,0,0,4,1,9,0,0,0,1
2017-06-17,3,35,2,24,6,17,1,0,1,0,0,4,10,1,1,0,1,0
2017-06-18,3,35,2,23,6,18,1,0,1,0,0,4,9,12,1,0,1,0
2017-06-19,2,31,1,20,6,19,0,0,1,0,0,4,12,9,1,0,1,0
2017-06-20,2,34,1,20,6,20,0,0,0,1,0,2,1,9,0,0,0,1
2017-06-21,2,33,1,21,6,21,0,0,1,0,0,4,10,3,1,0,1,0
2017-06-22,1,23,2,19,6,22,0,0,1,0,0,4,2,2,1,0,1,0
2017-06-23,1,24,1,18,6,23,0,0,0,1,0,2,12,12,1,0,1,0
2017-06-24,1,25,2,17,6,24,0,1,0,0,0,3,10,9,1,0,1,0
2017-06-25,2,30,1,19,6,25,0,0,1,0,0,4,1,1,0,0,0,1
2017-06-26,2,34,1,20,6,26,0,0,1,0,0,4,1,7,0,0,0,1
2017-06-27,3,35,1,21,6,27,1,0,1,0,0,4,1,7,0,0,0,1
2017-06-28,3,35,1,22,6,28,1,0,1,0,0,4,1,1,0,0,0,1
2017-06-29,2,35,1,23,6,29,0,0,1,0,0,4,12,1,1,0,1,0
2017-06-30,3,35,1,24,6,30,1,0,1,0,0,4,1,1,0,0,0,1
2017-07-01,3,36,1,24,7,1,1,0,1,0,0,4,1,1,0,0,0,1
2017-07-02,3,36,1,23,7,2,1,0,1,0,0,4,1,7,0,0,0,1
2017-07-03,2,36,1,23,7,3,0,0,1,0,0,4,1,12,1,0,1,0
2017-07-04,2,31,1,23,7,4,0,0,1,0,0,4,12,12,1,0,1,0
2017-07-05,3,30,1,23,7,5,1,0,1,0,0,4,1,12,1,0,1,0
2017-07-06,3,25,1,22,7,6,1,0,0,1,0,2,2,0,1,0,1,0
2017-07-07,2,32,1,23,7,7,0,0,1,0,0,4,9,1,0,0,0,1
2017-07-08,2,34,1,25,7,8,0,0,1,0,0,4,1,12,1,0,1,0
2017-07-09,3,34,1,22,7,9,1,0,1,0,0,4,1,1,0,0,0,1
2017-07-10,2,37,1,20,7,10,0,0,1,0,1,6,7,7,0,0,0,1
2017-07-11,2,37,1,26,7,11,0,0,1,0,0,4,1,1,0,0,0,1
2017-07-12,3,36,1,27,7,12,1,0,1,0,0,4,1,1,0,0,0,1
2017-07-13,2,37,1,24,7,13,0,0,1,0,0,4,12,12,1,0,1,0
2017-07-14,2,32,1,23,7,14,0,0,0,1,0,2,12,9,1,0,1,0
2017-07-15,2,33,1,24,7,15,0,0,0,1,0,2,9,9,0,0,0,1
2017-07-16,2,34,1,25,7,16,0,0,1,0,0,4,1,7,0,0,0,1
2017-07-17,2,34,1,24,7,17,0,0,1,0,0,4,7,1,0,0,0,1
2017-07-18,2,33,1,24,7,18,0,0,1,0,0,4,1,10,1,0,1,0
2017-07-19,3,31,1,25,7,19,1,0,1,0,0,4,9,1,0,0,0,1
2017-07-20,3,34,1,25,7,20,1,0,1,0,0,4,12,8,1,0,1,0
2017-07-21,1,25,1,23,7,21,0,0,0,1,0,2,3,10,1,0,1,0
2017-07-22,1,28,1,23,7,22,0,0,1,0,0,4,9,9,0,0,0,1
2017-07-23,2,29,1,23,7,23,0,0,1,0,0,4,10,10,1,0,1,0
2017-07-24,2,29,1,22,7,24,0,1,0,1,0,0,9,10,1,0,1,0
2017-07-25,2,30,1,21,7,25,0,0,1,0,0,4,10,10,1,0,1,0
2017-07-26,1,24,1,20,7,26,0,1,0,0,0,3,0,10,1,0,1,0
2017-07-27,2,29,1,23,7,27,0,0,1,0,0,4,9,1,0,0,0,1
2017-07-28,1,31,1,22,7,28,0,0,1,0,0,4,1,9,0,0,0,1
2017-07-29,1,31,1,21,7,29,0,0,1,0,0,4,1,1,0,0,0,1
2017-07-30,2,32,1,21,7,30,0,0,1,0,0,4,1,7,0,0,0,1
2017-07-31,3,32,1,23,7,31,1,0,1,0,0,4,7,1,0,0,0,1
2017-08-01,2,31,1,24,8,1,0,0,1,0,0,4,9,12,1,0,1,0
2017-08-02,1,29,1,24,8,2,0,0,0,1,0,2,10,3,1,0,1,0
2017-08-03,1,34,1,23,8,3,0,0,1,0,0,4,9,7,0,0,0,1
2017-08-04,2,37,1,24,8,4,0,0,1,0,0,4,7,1,0,0,0,1
2017-08-05,2,33,1,22,8,5,0,1,0,0,0,3,12,12,1,0,1,0
2017-08-06,1,34,1,23,8,6,0,0,1,0,0,4,1,7,0,0,0,1
2017-08-07,1,36,1,23,8,7,0,0,1,0,0,4,1,7,0,0,0,1
2017-08-08,2,33,1,22,8,8,0,0,0,1,0,2,12,12,1,0,1,0
2017-08-09,1,31,1,22,8,9,0,0,0,1,0,2,12,9,1,0,1,0
2017-08-10,2,33,1,23,8,10,0,0,1,0,0,4,1,1,0,0,0,1
2017-08-11,3,34,3,22,8,11,1,1,0,1,0,0,12,2,1,0,1,0
2017-08-12,1,31,1,21,8,12,0,0,0,1,0,2,12,0,1,0,1,0
2017-08-13,2,29,1,22,8,13,0,1,0,0,0,3,12,12,1,0,1,0
2017-08-14,1,30,1,22,8,14,0,0,1,1,0,1,1,1,0,0,0,1
2017-08-15,2,31,1,22,8,15,0,0,1,0,0,4,12,12,1,0,1,0
2017-08-16,2,28,1,21,8,16,0,0,0,1,0,2,12,9,1,0,1,0
2017-08-17,1,30,1,22,8,17,0,1,0,1,0,0,9,9,0,0,0,1
2017-08-18,2,30,1,22,8,18,0,0,1,0,0,4,12,12,1,0,1,0
2017-08-19,2,29,1,22,8,19,0,1,0,1,0,0,12,1,1,0,1,0
2017-08-20,2,31,1,23,8,20,0,0,1,0,0,4,1,1,0,0,0,1
2017-08-21,2,33,1,23,8,21,0,0,1,0,0,4,1,12,1,0,1,0
2017-08-22,3,29,1,22,8,22,1,1,0,0,1,5,12,8,1,0,1,0
2017-08-23,1,32,1,22,8,23,0,0,0,1,0,2,9,1,0,0,0,1
2017-08-24,1,34,1,19,8,24,0,1,0,0,1,5,7,1,0,0,0,1
2017-08-25,1,33,1,18,8,25,0,1,0,0,1,5,7,7,0,0,0,1
2017-08-26,2,29,1,18,8,26,0,0,1,0,1,6,1,10,1,0,1,0
2017-08-27,1,22,1,17,8,27,0,0,1,1,0,1,0,10,1,0,1,0
2017-08-28,1,28,1,16,8,28,0,1,0,0,0,3,1,7,0,0,0,1
2017-08-29,1,26,1,15,8,29,0,0,1,0,0,4,7,7,0,0,0,1
2017-08-30,2,28,1,18,8,30,0,0,1,0,0,4,1,1,0,0,0,1
2017-08-31,2,28,1,18,8,31,0,0,1,0,0,4,10,9,1,0,1,0
2017-09-01,4,28,1,18,9,1,1,0,1,0,1,6,1,9,0,0,0,1
2017-09-02,3,27,1,18,9,2,1,0,1,0,0,4,4,9,1,0,1,0
2017-09-03,2,29,2,18,9,3,0,0,1,0,0,4,1,1,0,0,0,1
2017-09-04,3,29,1,19,9,4,1,0,1,0,0,4,9,10,1,0,1,0
2017-09-05,2,31,1,18,9,5,0,0,1,0,1,6,9,1,0,0,0,1
2017-09-06,2,31,1,17,9,6,0,0,1,0,1,6,7,7,0,0,0,1
2017-09-07,2,31,1,18,9,7,0,0,1,0,0,4,7,7,0,0,0,1
2017-09-08,3,30,1,19,9,8,1,1,0,1,0,0,1,1,0,0,0,1
2017-09-09,3,31,1,20,9,9,1,0,1,0,0,4,9,9,0,0,0,1
2017-09-10,3,28,1,18,9,10,1,1,0,0,0,3,10,7,1,0,1,0
2017-09-11,2,30,1,15,9,11,0,1,0,0,0,3,7,7,0,0,0,1
2017-09-12,2,30,1,18,9,12,0,0,1,0,0,4,7,1,0,0,0,1
2017-09-13,2,29,1,19,9,13,0,0,1,0,1,6,1,1,0,0,0,1
2017-09-14,3,29,1,19,9,14,1,0,1,0,0,4,9,9,0,0,0,1
2017-09-15,2,29,1,17,9,15,0,0,1,0,0,4,9,9,0,0,0,1
2017-09-16,3,28,1,17,9,16,1,0,1,0,0,4,10,1,1,0,1,0
2017-09-17,1,29,1,15,9,17,0,0,1,0,0,4,7,7,0,0,0,1
2017-09-18,2,30,1,17,9,18,0,0,1,0,0,4,7,7,0,0,0,1
2017-09-19,1,30,2,14,9,19,0,1,0,0,1,5,7,1,0,0,0,1
2017-09-20,1,28,1,13,9,20,0,0,1,0,0,4,7,7,0,0,0,1
2017-09-21,2,30,1,16,9,21,0,0,1,1,0,1,10,1,1,0,1,0
2017-09-23,3,29,1,16,9,23,1,0,1,0,0,4,1,9,0,0,0,1
2017-09-24,3,29,1,17,9,24,1,1,0,1,0,0,1,10,1,0,1,0
2017-09-25,3,29,1,17,9,25,1,0,1,0,0,4,9,9,0,0,0,1
2017-09-26,2,24,2,12,9,26,0,1,0,0,0,3,4,9,1,0,1,0
2017-09-27,2,24,1,9,9,27,0,0,1,0,0,4,1,7,0,0,0,1
2017-09-28,1,23,1,10,9,28,0,0,1,0,1,6,7,1,0,0,0,1
2017-09-29,2,26,1,10,9,29,0,1,0,0,0,3,7,7,0,0,0,1
2017-09-30,3,28,1,15,9,30,1,0,1,0,0,4,1,1,0,0,0,1
2017-10-01,3,26,1,12,10,1,1,1,0,1,0,0,1,9,0,0,0,1
2017-10-02,1,18,1,8,10,2,0,1,0,1,0,0,4,9,1,0,1,0
2017-10-03,1,20,1,9,10,3,0,0,1,0,0,4,1,7,0,0,0,1
2017-10-04,2,22,2,9,10,4,0,0,1,0,0,4,7,7,0,0,0,1
2017-10-05,2,21,1,10,10,5,0,0,1,0,0,4,1,1,0,0,0,1
2017-10-06,2,22,1,12,10,6,0,0,1,0,0,4,1,9,0,0,0,1
2017-10-07,3,20,1,12,10,7,1,1,0,0,0,3,4,9,1,0,1,0
2017-10-08,4,18,1,12,10,8,1,1,0,1,0,0,9,4,1,0,1,0
2017-10-09,1,15,1,8,10,9,0,1,0,0,0,3,0,4,1,0,1,0
2017-10-10,1,11,1,5,10,10,0,1,0,0,1,5,4,9,1,0,1,0
2017-10-11,1,16,1,5,10,11,0,1,0,0,1,5,7,1,0,0,0,1
2017-10-12,1,13,1,5,10,12,0,1,0,0,0,3,4,1,1,0,1,0
2017-10-13,2,18,1,8,10,13,0,0,1,0,0,4,7,1,0,0,0,1
2017-10-14,1,13,1,8,10,14,0,1,0,0,0,3,4,4,1,0,1,0
2017-10-15,2,16,1,7,10,15,0,1,0,0,0,3,9,1,0,0,0,1
2017-10-16,2,18,1,6,10,16,0,1,0,1,0,0,7,1,0,0,0,1
2017-10-17,2,16,1,10,10,17,0,0,1,0,0,4,9,4,1,0,1,0
2017-10-18,2,15,1,8,10,18,0,0,1,0,0,4,4,1,1,0,1,0
2017-10-19,2,19,1,8,10,19,0,0,1,0,0,4,7,1,0,0,0,1
2017-10-20,3,21,1,11,10,20,1,1,0,1,0,0,7,1,0,0,0,1
2017-10-21,3,18,1,9,10,21,1,0,0,1,0,2,9,4,1,0,1,0
2017-10-22,1,13,1,7,10,22,0,0,1,0,0,4,9,1,0,0,0,1
2017-10-23,2,16,1,5,10,23,0,0,1,0,0,4,1,7,0,0,0,1
2017-10-24,2,19,1,8,10,24,0,0,1,0,0,4,7,1,0,0,0,1
2017-10-25,3,15,1,9,10,25,1,0,1,0,0,4,9,4,1,0,1,0
2017-10-26,4,17,1,8,10,26,1,1,0,0,0,3,9,1,0,0,0,1
2017-10-27,5,18,1,8,10,27,1,0,1,0,0,4,1,13,0,0,0,0
2017-10-28,2,16,2,4,10,28,0,1,0,0,0,3,1,7,0,0,0,1
2017-10-29,1,13,2,1,10,29,0,1,0,0,0,3,7,7,0,0,0,1
2017-10-30,1,15,1,2,10,30,0,0,1,0,1,6,7,7,0,0,0,1
2017-10-31,2,17,1,3,10,31,0,0,1,0,0,4,7,7,0,0,0,1
2017-11-01,2,17,1,4,11,1,0,1,0,1,0,0,7,9,0,0,0,1
2017-11-02,2,17,1,2,11,2,0,1,0,0,0,3,9,7,0,0,0,1
2017-11-03,1,13,2,-2,11,3,0,1,0,0,0,3,7,7,0,0,0,1
2017-11-04,2,15,1,2,11,4,0,0,1,0,1,6,7,7,0,0,0,1
2017-11-05,3,15,1,3,11,5,1,1,0,0,1,5,7,1,0,0,0,1
2017-11-06,4,15,1,4,11,6,1,0,1,1,0,1,1,1,0,0,0,1
2017-11-07,3,18,2,4,11,7,1,1,0,0,1,5,7,7,0,0,0,1
2017-11-08,1,14,1,3,11,8,0,0,1,0,0,4,1,9,0,0,0,1
2017-11-09,2,13,1,4,11,9,0,1,0,1,0,0,9,1,0,0,0,1
2017-11-10,1,12,4,-1,11,10,0,1,0,0,1,5,7,7,0,0,0,1
2017-11-11,1,11,1,-1,11,11,0,0,1,0,0,4,7,1,0,0,0,1
2017-11-12,2,12,1,-1,11,12,0,0,1,0,0,4,1,7,0,0,0,1
2017-11-13,2,13,4,-1,11,13,0,1,0,0,0,3,7,7,0,0,0,1
2017-11-14,1,8,1,-5,11,14,0,0,0,0,1,7,7,7,0,0,0,1
2017-11-15,1,7,1,-4,11,15,0,0,1,0,0,4,7,7,0,0,0,1
2017-11-16,2,8,1,-2,11,16,0,0,1,0,0,4,7,9,0,0,0,1
2017-11-17,2,6,4,-4,11,17,0,1,0,0,0,3,1,7,0,0,0,1
2017-11-18,2,5,2,-7,11,18,0,0,1,0,1,6,7,7,0,0,0,1
2017-11-19,3,7,1,-5,11,19,1,0,1,0,0,4,1,1,0,0,0,1
2017-11-20,3,9,1,-4,11,20,1,0,0,0,1,7,7,1,0,0,0,1
2017-11-21,4,8,1,-2,11,21,1,0,0,0,1,7,1,7,0,0,0,1
2017-11-22,1,8,2,-6,11,22,0,1,0,0,1,5,1,7,0,0,0,1
2017-11-23,1,7,1,-5,11,23,0,0,0,0,1,7,1,1,0,0,0,1
2017-11-24,1,7,2,-6,11,24,0,0,1,0,1,6,1,1,0,0,0,1
2017-11-25,2,7,1,-4,11,25,0,0,1,0,0,4,9,1,0,0,0,1
2017-11-26,1,4,1,-5,11,26,0,0,1,0,0,4,7,7,0,0,0,1
2017-11-27,2,7,1,-4,11,27,0,0,1,0,0,4,1,1,0,0,0,1
2017-11-28,2,7,1,-6,11,28,0,1,0,0,1,5,7,1,0,0,0,1
2017-11-29,1,0,1,-7,11,29,0,0,1,0,0,4,1,1,0,0,0,1
2017-11-30,1,4,2,-6,11,30,0,0,1,0,1,6,7,7,0,0,0,1
2017-12-01,2,5,1,-5,12,1,0,0,1,0,0,4,7,7,0,0,0,1
2017-12-02,4,7,1,-4,12,2,1,0,1,0,1,6,7,1,0,0,0,1
2017-12-03,2,5,2,-5,12,3,0,1,0,0,0,3,1,7,0,0,0,1
2017-12-04,1,4,2,-6,12,4,0,1,0,0,1,5,1,1,0,0,0,1
2017-12-05,1,7,1,-3,12,5,0,1,0,0,1,5,7,7,0,0,0,1
2017-12-06,1,8,2,-4,12,6,0,1,0,0,1,5,1,1,0,0,0,1
2017-12-07,1,5,2,-5,12,7,0,1,0,0,0,3,1,7,0,0,0,1
2017-12-08,1,7,1,-4,12,8,0,0,1,0,1,6,7,7,0,0,0,1
2017-12-09,2,6,1,-4,12,9,0,0,1,0,1,6,1,7,0,0,0,1
2017-12-10,1,3,3,-7,12,10,0,1,0,0,1,5,7,1,0,0,0,1
2017-12-11,1,0,2,-9,12,11,0,1,0,1,0,0,1,7,0,0,0,1
2017-12-12,1,-1,1,-8,12,12,0,1,0,0,0,3,1,1,0,0,0,1
2017-12-13,2,0,1,-5,12,13,0,0,1,1,0,1,7,1,0,0,0,1
2017-12-14,2,0,1,-4,12,14,0,0,1,0,0,4,9,1,0,0,0,1
2017-12-15,2,3,1,-7,12,15,0,1,0,0,1,5,1,7,0,0,0,1
2017-12-16,1,-1,2,-8,12,16,0,1,0,0,1,5,7,7,0,0,0,1
2017-12-17,1,5,1,-5,12,17,0,0,1,0,1,6,7,7,0,0,0,1
2017-12-18,1,6,2,-6,12,18,0,1,0,0,1,5,7,7,0,0,0,1
2017-12-19,2,4,1,-4,12,19,0,0,1,0,0,4,1,9,0,0,0,1
2017-12-20,1,6,1,-6,12,20,0,1,0,0,1,5,1,7,0,0,0,1
2017-12-21,2,8,1,-6,12,21,0,0,1,1,0,1,7,7,0,0,0,1
2017-12-22,2,10,1,-6,12,22,0,1,0,0,0,3,1,1,0,0,0,1
2017-12-23,1,7,1,-3,12,23,0,0,1,0,0,4,1,1,0,0,0,1
2017-12-24,1,6,2,-6,12,24,0,1,0,0,1,5,7,7,0,0,0,1
2017-12-25,1,5,1,-4,12,25,0,0,1,0,0,4,7,7,0,0,0,1
2017-12-26,1,3,1,-7,12,26,0,0,1,0,0,4,7,1,0,0,0,1
2017-12-27,3,4,1,-5,12,27,1,1,0,0,1,5,1,7,0,0,0,1
2017-12-28,3,5,1,-4,12,28,1,1,0,0,1,5,7,7,0,0,0,1
2017-12-29,5,4,1,-3,12,29,1,0,1,1,0,1,1,1,0,0,0,1
2017-12-30,4,6,2,-6,12,30,1,1,0,0,1,5,7,7,0,0,0,1
2017-12-31,2,4,1,-7,12,31,0,0,1,0,0,4,7,7,0,0,0,1
2017-09-22,2,29,2,14,9,22,0,1,0,0,1,5,7,7,0,0,0,1
